gfx,cu_num,token,model_dim,inter_dim,expert,topk,shared_expert_id,act_type,dtype,q_dtype_a,q_dtype_w,q_type,use_g1u1,doweight_stage1,hidden_pad,intermediate_pad,gate_mode
gfx950,256,1,6144,384,129,5,128,ActivationType.Swiglu,torch.bfloat16,torch.float8_e4m3fn,torch.float4_e2m1fn_x2,QuantType.per_1x32,1,0,0,0,GateMode.INTERLEAVE
gfx950,256,2,6144,384,129,5,128,ActivationType.Swiglu,torch.bfloat16,torch.float8_e4m3fn,torch.float4_e2m1fn_x2,QuantType.per_1x32,1,0,0,0,GateMode.INTERLEAVE
gfx950,256,4,6144,384,129,5,128,ActivationType.Swiglu,torch.bfloat16,torch.float8_e4m3fn,torch.float4_e2m1fn_x2,QuantType.per_1x32,1,0,0,0,GateMode.INTERLEAVE
gfx950,256,8,6144,384,129,5,128,ActivationType.Swiglu,torch.bfloat16,torch.float8_e4m3fn,torch.float4_e2m1fn_x2,QuantType.per_1x32,1,0,0,0,GateMode.INTERLEAVE
gfx950,256,16,6144,384,129,5,128,ActivationType.Swiglu,torch.bfloat16,torch.float8_e4m3fn,torch.float4_e2m1fn_x2,QuantType.per_1x32,1,0,0,0,GateMode.INTERLEAVE
gfx950,256,32,6144,384,129,5,128,ActivationType.Swiglu,torch.bfloat16,torch.float8_e4m3fn,torch.float4_e2m1fn_x2,QuantType.per_1x32,1,0,0,0,GateMode.INTERLEAVE
gfx950,256,64,6144,384,129,5,128,ActivationType.Swiglu,torch.bfloat16,torch.float8_e4m3fn,torch.float4_e2m1fn_x2,QuantType.per_1x32,1,0,0,0,GateMode.INTERLEAVE
gfx950,256,128,6144,384,129,5,128,ActivationType.Swiglu,torch.bfloat16,torch.float8_e4m3fn,torch.float4_e2m1fn_x2,QuantType.per_1x32,1,0,0,0,GateMode.INTERLEAVE
gfx950,256,256,6144,384,129,5,128,ActivationType.Swiglu,torch.bfloat16,torch.float8_e4m3fn,torch.float4_e2m1fn_x2,QuantType.per_1x32,1,0,0,0,GateMode.INTERLEAVE
gfx950,256,512,6144,384,129,5,128,ActivationType.Swiglu,torch.bfloat16,torch.float8_e4m3fn,torch.float4_e2m1fn_x2,QuantType.per_1x32,1,0,0,0,GateMode.INTERLEAVE
gfx950,256,1024,6144,384,129,5,128,ActivationType.Swiglu,torch.bfloat16,torch.float8_e4m3fn,torch.float4_e2m1fn_x2,QuantType.per_1x32,1,0,0,0,GateMode.INTERLEAVE
gfx950,256,2048,6144,384,129,5,128,ActivationType.Swiglu,torch.bfloat16,torch.float8_e4m3fn,torch.float4_e2m1fn_x2,QuantType.per_1x32,1,0,0,0,GateMode.INTERLEAVE
gfx950,256,1,6144,768,129,5,128,ActivationType.Swiglu,torch.bfloat16,torch.float8_e4m3fn,torch.float4_e2m1fn_x2,QuantType.per_1x32,1,0,0,0,GateMode.INTERLEAVE
gfx950,256,2,6144,768,129,5,128,ActivationType.Swiglu,torch.bfloat16,torch.float8_e4m3fn,torch.float4_e2m1fn_x2,QuantType.per_1x32,1,0,0,0,GateMode.INTERLEAVE
gfx950,256,4,6144,768,129,5,128,ActivationType.Swiglu,torch.bfloat16,torch.float8_e4m3fn,torch.float4_e2m1fn_x2,QuantType.per_1x32,1,0,0,0,GateMode.INTERLEAVE
gfx950,256,8,6144,768,129,5,128,ActivationType.Swiglu,torch.bfloat16,torch.float8_e4m3fn,torch.float4_e2m1fn_x2,QuantType.per_1x32,1,0,0,0,GateMode.INTERLEAVE
gfx950,256,16,6144,768,129,5,128,ActivationType.Swiglu,torch.bfloat16,torch.float8_e4m3fn,torch.float4_e2m1fn_x2,QuantType.per_1x32,1,0,0,0,GateMode.INTERLEAVE
gfx950,256,32,6144,768,129,5,128,ActivationType.Swiglu,torch.bfloat16,torch.float8_e4m3fn,torch.float4_e2m1fn_x2,QuantType.per_1x32,1,0,0,0,GateMode.INTERLEAVE
gfx950,256,64,6144,768,129,5,128,ActivationType.Swiglu,torch.bfloat16,torch.float8_e4m3fn,torch.float4_e2m1fn_x2,QuantType.per_1x32,1,0,0,0,GateMode.INTERLEAVE
gfx950,256,128,6144,768,129,5,128,ActivationType.Swiglu,torch.bfloat16,torch.float8_e4m3fn,torch.float4_e2m1fn_x2,QuantType.per_1x32,1,0,0,0,GateMode.INTERLEAVE
gfx950,256,256,6144,768,129,5,128,ActivationType.Swiglu,torch.bfloat16,torch.float8_e4m3fn,torch.float4_e2m1fn_x2,QuantType.per_1x32,1,0,0,0,GateMode.INTERLEAVE
gfx950,256,512,6144,768,129,5,128,ActivationType.Swiglu,torch.bfloat16,torch.float8_e4m3fn,torch.float4_e2m1fn_x2,QuantType.per_1x32,1,0,0,0,GateMode.INTERLEAVE
gfx950,256,1024,6144,768,129,5,128,ActivationType.Swiglu,torch.bfloat16,torch.float8_e4m3fn,torch.float4_e2m1fn_x2,QuantType.per_1x32,1,0,0,0,GateMode.INTERLEAVE
gfx950,256,2048,6144,768,129,5,128,ActivationType.Swiglu,torch.bfloat16,torch.float8_e4m3fn,torch.float4_e2m1fn_x2,QuantType.per_1x32,1,0,0,0,GateMode.INTERLEAVE
